"treatment","meanAlpha","sdAlpha","ntraj"
"untreated","0.59196465543787","0.310675715916832","3267"
"mbcd","0.61014920761038","0.278661600577002","3778"
